<?xml version="1.0"?>
<config xmlns:xsi="http://www.w3.org/2001/XMLSchema-instance" xsi:noNamespaceSchemaLocation="../../../../../lib/internal/Magento/Framework/Acl/etc/acl.xsd">
    <acl>
        <resources>
            <resource id="Magento_Backend::admin">
                <resource id="Escorts_Recommendation::recommendation" title="Recommendation" translate="title" sortOrder="100">
                    <resource id="Escorts_Recommendation::escorts_recommendation_index_title" title="Manage Recommendation" translate="title" sortOrder="1">
                        <resource id="Escorts_Recommendation::escorts_recommendation_index" title="Recommendation Menu" translate="title" sortOrder="2" />
                    </resource>
                </resource>
            </resource>
        </resources>
    </acl>
</config>