<?xml version="1.0"?>
<config xmlns:xsi="http://www.w3.org/2001/XMLSchema-instance" xsi:noNamespaceSchemaLocation="../../../../../lib/internal/Magento/Framework/Acl/etc/acl.xsd">
    <acl>
        <resources>
            <resource id="Magento_Backend::admin">
                <resource id="Escorts_Blocks::blocks" title="Escort" sortOrder="100">
                    <resource id="Escorts_Blocks::escorts_blocks_first" title="Block Title" sortOrder="10">
                        <resource id="Escorts_Blocks::escorts_blocks_index" title="Blocks" sortOrder="10"/>
                    </resource>
                	<resource id="Escorts_Village::escorts_village_index_title" title="Village Title" sortOrder="20">
                        <resource id="Escorts_Village::escorts_village_index" title="Village" sortOrder="20"/>
                    </resource>
                    <resource id="Escorts_TractorExchange::tractor_exchange_index_title" title="Tractor Exchange Title" sortOrder="25">
                        <resource id="Escorts_TractorExchange::tractor_exchange_index" title="Tractor Exchange" sortOrder="25"/>
                    </resource>
                </resource>
 <!--AddMenuAcl-->
            </resource>
        </resources>
    </acl>
</config>
