<?xml version="1.0"?>
<routes xmlns:xsi="http://www.w3.org/2001/XMLSchema-instance" xsi:noNamespaceSchemaLocation="urn:magento:module:Magento_Webapi:etc/webapi.xsd">
    <route url="/V1/tekinfo/get-customer-by-email/:emailid" method="GET">
        <service class="Escorts\Tekinfo\Api\CustomerDetailInterface" method="getCustomerDetailByEmail"/>
        <resources>
            <resource ref="Magento_Backend::admin"/>
        </resources>
    </route>
    <route url="/V1/tekinfo/get-customer-by-id/:id" method="GET">
        <service class="Escorts\Tekinfo\Api\CustomerDetailInterface" method="getCustomerDetailById"/>
        <resources>
            <resource ref="Magento_Backend::admin"/>
        </resources>
    </route>
    <route url="/V1/tekinfo/get-customer-by-mobile/:mobile" method="GET">
        <service class="Escorts\Tekinfo\Api\CustomerDetailInterface" method="getCustomerDetailByMobile"/>
        <resources>
            <resource ref="Magento_Backend::admin"/>
        </resources>
    </route>
    <route url="/V1/tekinfo/save-customer" method="POST">
        <service class="Escorts\Tekinfo\Api\CustomerDetailInterface" method="updateCustomerDetail"/>
        <resources>
            <resource ref="Magento_Backend::admin"/>
        </resources>
    </route> 
</routes>