<?xml version="1.0"?>
<routes xmlns:xsi="http://www.w3.org/2001/XMLSchema-instance" xsi:noNamespaceSchemaLocation="urn:magento:module:Magento_Webapi:etc/webapi.xsd">
    <route url="/V1/m-products" method="POST">
        <service class="Escorts\CustomApi\Api\CustomInterface" method="getProducts"/>
        <resources>
            <resource ref="Magento_Catalog::products" />
        </resources>
    </route> 
    <route url="/V1/m-home" method="POST">
        <service class="Escorts\CustomApi\Api\CustomInterface" method="getHomePage"/>
        <resources>
            <resource ref="Magento_Catalog::products" />
        </resources>
    </route> 
    <route url="/V1/m-product-details/:id" method="GET">
        <service class="Escorts\CustomApi\Api\CustomInterface" method="getProductDetails"/>
        <resources>
            <resource ref="Magento_Catalog::products" />
        </resources>
    </route> 
    <route url="/V1/m-carts/mine" method="GET">
        <service class="Escorts\CustomApi\Api\CustomInterface" method="getCartList"/>
        <resources>
            <resource ref="self" />
        </resources>
    </route> 
</routes>       
