<?xml version="1.0"?>
<routes xmlns:xsi="http://www.w3.org/2001/XMLSchema-instance" xsi:noNamespaceSchemaLocation="urn:magento:module:Magento_Webapi:etc/webapi.xsd">
    <route url="/V1/service-request" method="POST">
        <service class="Escorts\ServiceRequest\Api\ServiceRequestInterface" method="createServiceRequest"/>
        <resources>
            <resource ref="self"/>
        </resources>
    </route> 
    <route url="/V1/service-request-list/:statusId/:curPage/:pageSize" method="GET">
        <service class="Escorts\ServiceRequest\Api\ServiceRequestInterface" method="getServiceRequestList"/>
        <resources>
            <resource ref="self"/>
        </resources>
    </route>
    <route url="/V1/service-request-customer/:srid" method="GET">
        <service class="Escorts\ServiceRequest\Api\ServiceRequestInterface" method="getServiceRequestCustomer"/>
        <resources>
            <resource ref="self"/>
        </resources>
    </route> 
    <route url="/V1/service-request-tractor/:srid" method="GET">
        <service class="Escorts\ServiceRequest\Api\ServiceRequestInterface" method="getServiceRequestTractor"/>
        <resources>
            <resource ref="self"/>
        </resources>
    </route>
    <route url="/V1/service-request-service-detail/:srid" method="GET">
        <service class="Escorts\ServiceRequest\Api\ServiceRequestInterface" method="getServiceRequestServiceDetail"/>
        <resources>
            <resource ref="self"/>
        </resources>
    </route> 
    <route url="/V1/service-request-service-type" method="GET">
        <service class="Escorts\ServiceRequest\Api\ServiceRequestInterface" method="getServiceRequestServiceType"/>
        <resources>
            <resource ref="self"/>
        </resources>
    </route>  
    <route url="/V1/service-request-service-issues" method="GET">
        <service class="Escorts\ServiceRequest\Api\ServiceRequestInterface" method="getServiceRequestServiceIssues"/>
        <resources>
            <resource ref="self"/>
        </resources>
    </route>  
    <route url="/V1/service-request-pdi" method="POST">
        <service class="Escorts\ServiceRequest\Api\ServiceRequestInterface" method="createServiceRequestPdi"/>
        <resources>
            <resource ref="self"/>
        </resources>
    </route> 
    <route url="/V1/service-request-service-options" method="GET">
        <service class="Escorts\ServiceRequest\Api\ServiceRequestInterface" method="getServiceRequestOptions"/>
        <resources>
            <resource ref="self"/>
        </resources>
    </route>     
    <route url="/V1/service-request-service-job-no/:service_request_type/:srid" method="GET">
        <service class="Escorts\ServiceRequest\Api\ServiceRequestInterface" method="getServiceRequestJobNo"/>
        <resources>
            <resource ref="self"/>
        </resources>
    </route>  
    <route url="/V1/service-request-pdi/:serviceRequestType/:srid" method="GET">
        <service class="Escorts\ServiceRequest\Api\ServiceRequestInterface" method="getServiceRequestPdi"/>
        <resources>
            <resource ref="self"/>
        </resources>
    </route>
    <route url="/V1/service-request-installation" method="POST">
        <service class="Escorts\ServiceRequest\Api\ServiceRequestInterface" method="createServiceRequestInstallation"/>
        <resources>
            <resource ref="self"/>
        </resources>
    </route>  
    <route url="/V1/service-request-installation/:serviceRequestType/:srid" method="GET">
        <service class="Escorts\ServiceRequest\Api\ServiceRequestInterface" method="getServiceRequestInstallation"/>
        <resources>
            <resource ref="self"/>
        </resources>
    </route>
</routes>