<?xml version="1.0"?>
<config xmlns:xsi="http://www.w3.org/2001/XMLSchema-instance" xsi:noNamespaceSchemaLocation="urn:magento:module:Magento_Config:etc/system_file.xsd">
    <system>
        <tab id="Escorts" translate="label" sortOrder="10">
            <label>Escorts</label>
        </tab>
        <section id="servicerequest" translate="label" sortOrder="130" showInDefault="1" showInWebsite="1" showInStore="1">
            <class>separator-top</class>
            <label>Service Request</label>
            <tab>Escorts</tab>
            <resource>Escorts_ServiceRequest::servicerequest_config</resource>
            <group id="general" translate="label" type="text" sortOrder="10" showInDefault="1" showInWebsite="1" showInStore="1">
                <label>General Configuration</label>
                <field id="tat" translate="label" type="text" sortOrder="1" showInDefault="1" showInWebsite="1" showInStore="1">
                    <label>TAT</label>
                    <comment>This time set for device.</comment>
                </field>
            </group>
        </section>
    </system>
</config>
