<?xml version="1.0" ?>
<routes xmlns:xsi="http://www.w3.org/2001/XMLSchema-instance" xsi:noNamespaceSchemaLocation="urn:magento:module:Magento_Webapi:etc/webapi.xsd">
    <route url="/V1/order/myorder/" method="GET">
        
		<service class="Oss\Orderapi\Api\OrderInterface" method="myorder"/>
        
		<resources>
            <resource ref="self"/>
        </resources>
		
		<data>
		<parameter name="customerId" force="true">%customer_id%</parameter>
		</data>
 
    </route>
	  
</routes>