<config xmlns:xsi="http://www.w3.org/2001/XMLSchema-instance" xsi:noNamespaceSchemaLocation="urn:magento:module:Magento_Config:etc/system_file.xsd">
    <system>
        <tab id="escorts_tab" translate="label" sortOrder="500">
            <label>Escorts</label>
        </tab>
        <section id="escorts_sms" translate="label" type="text" sortOrder="100" showInDefault="1" showInWebsite="1" showInStore="1">
            <label>Escorts SMS</label>
            <tab>escorts_tab</tab>
            <resource>Escorts_SmsNotification::smsnotification</resource>
			<group id="smsnotification" translate="label" type="text" sortOrder="11" showInDefault="1" showInWebsite="1" showInStore="1">
                <label>General</label>
                <field id="baseurl" translate="label" type="text" sortOrder="10" showInDefault="1" showInWebsite="1" showInStore="1">
                    <label>Base URL</label>
                    <depends>
						<field id="*/*/baseurl_val">test</field>
					</depends>
                </field>
				<field id="username" translate="label" type="text" sortOrder="10" showInDefault="1" showInWebsite="1" showInStore="1">
                    <label>Username</label>
                    <depends>
						<field id="*/*/username_val">test</field>
					</depends>
                </field>
				<field id="password" translate="label" type="obscure" sortOrder="10" showInDefault="1" showInWebsite="1" showInStore="1">
                    <label>Password</label>
					<backend_model>Magento\Config\Model\Config\Backend\Encrypted</backend_model>
                    <depends>
						<field id="*/*/password_val">test</field>
					</depends>
                </field>
				<field id="smsfrom" translate="label" type="text" sortOrder="10" showInDefault="1" showInWebsite="1" showInStore="1">
                    <label>SMS From</label>
                    <depends>
						<field id="*/*/smsfrom_val">test</field>
					</depends>
                </field>
            </group>
        </section>
    </system>
</config>