<?xml version="1.0" ?>
<routes xmlns:xsi="http://www.w3.org/2001/XMLSchema-instance" xsi:noNamespaceSchemaLocation="urn:magento:module:Magento_Webapi:etc/webapi.xsd">
    <route url="/V1/getCustomval/" method="GET">
        <service class="Oss\Testapi\Api\TestapiInterface" method="getCustomval"/>
        <resources>
            <resource ref="anonymous"/>
        </resources>
    </route>
	
	 <route url="/V1/test1/:param" method="GET">
       <service class="Oss\Testapi\Api\TestapiInterface"
                method="test1"/>
       <resources>
           <resource ref="anonymous"/>
       </resources>
	</route>
	
	<route url="/V1/sum" method="POST">
        <service class="Oss\Testapi\Api\TestapiInterface" method="sum"/>
        <resources>
            <resource ref="anonymous"/>
        </resources>
    </route>
   
</routes>