<config xmlns:xsi="http://www.w3.org/2001/XMLSchema-instance" xsi:noNamespaceSchemaLocation="urn:magento:module:Magento_Config:etc/system_file.xsd">
    <system>
        <tab id="escorts_tab" translate="label" sortOrder="500">
            <label>Escorts</label>
        </tab>
        <section id="escorts_weather" translate="label" type="text" sortOrder="100" showInDefault="1" showInWebsite="1" showInStore="1">
            <label>Escorts Weather Forecast</label>
            <tab>escorts_tab</tab>
            <resource>Escorts_WeatherForecast::weatherforecast</resource>
			<group id="weatherforecast" translate="label" type="text" sortOrder="11" showInDefault="1" showInWebsite="1" showInStore="1">
                <label>General</label>
                <field id="current_weather_url" translate="label" type="text" sortOrder="10" showInDefault="1" showInWebsite="1" showInStore="1">
                    <label>Current Weather URL</label>
                    <depends>
						<field id="*/*/current_weather_url_val">test</field>
					</depends>
                </field>
                <field id="forecast_weather_url" translate="label" type="text" sortOrder="10" showInDefault="1" showInWebsite="1" showInStore="1">
                    <label>Weather Forecast URL</label>
                    <depends>
                        <field id="*/*/forecast_weather_url_val">test</field>
                    </depends>
                </field>
				<field id="api_key" translate="label" type="text" sortOrder="10" showInDefault="1" showInWebsite="1" showInStore="1">
                    <label>API Key</label>
                    <depends>
						<field id="*/*/apikey_val">test</field>
					</depends>
                </field>
                <field id="default_location" translate="label" type="text" sortOrder="10" showInDefault="1" showInWebsite="1" showInStore="1">
                    <label>Default Location</label>
                    <!-- <depends>
                        <field id="*/*/default_location_val">test</field>
                    </depends> -->
                    <attribute type="disabled">1</attribute>
                </field>
            </group>
            <group id="geo_location" translate="label" type="text" sortOrder="11" showInDefault="1" showInWebsite="1" showInStore="1">
                <label>Google API</label>
                <field id="geo_location_url" translate="label" type="text" sortOrder="10" showInDefault="1" showInWebsite="1" showInStore="1">
                    <label>Google API URL</label>
                    <depends>
                        <field id="*/*/geo_location_val">test</field>
                    </depends>
                </field>
                <field id="geo_api_key" translate="label" type="text" sortOrder="10" showInDefault="1" showInWebsite="1" showInStore="1">
                    <label>Google API Key</label>
                    <depends>
                        <field id="*/*/geo_api_key_val">test</field>
                    </depends>
                </field>
            </group>
        </section>
    </system>
</config>