<?xml version="1.0"?>
<routes xmlns:xsi="http://www.w3.org/2001/XMLSchema-instance" xsi:noNamespaceSchemaLocation="urn:magento:module:Magento_Webapi:etc/webapi.xsd">
    <route url="/V1/update-customer" method="POST">
        <service class="Escorts\PushNotification\Api\UpdateCustomerInterface" method="updateCustomerDeviceId"/>
        <resources>
            <resource ref="self"/>
        </resources>
    </route>
	<route url="/V1/notification/list/:status" method="GET">
        <service class="Escorts\PushNotification\Api\UpdateCustomerInterface" method="getNotificationList"/>
        <resources>
            <resource ref="self"/>
        </resources>
    </route>
	<route url="/V1/notification/detail/:notificationId" method="GET">
        <service class="Escorts\PushNotification\Api\UpdateCustomerInterface" method="getNotificationDetail"/>
        <resources>
            <resource ref="self"/>
        </resources>
    </route>
	<route url="/V1/notification/mark-read" method="POST">
        <service class="Escorts\PushNotification\Api\UpdateCustomerInterface" method="setNotificationRead"/>
        <resources>
            <resource ref="self"/>
        </resources>
		<data>
			<parameter name="notificationId" force="true">%notificationId%</parameter>
		</data>
    </route>
</routes>       


