<?xml version="1.0"?>
<routes xmlns:xsi="http://www.w3.org/2001/XMLSchema-instance" xsi:noNamespaceSchemaLocation="urn:magento:module:Magento_Webapi:etc/webapi.xsd">
    <route url="/V1/etc/detail/:user_id" method="GET">
        <service class="Escorts\EtcProfile\Api\ProfileInterface" method="detail"/>
        <resources>
            <resource ref="self"/>
        </resources>
        <data>
            <parameter name="userId" force="true">%user_id%</parameter>
        </data>
    </route>
    <route url="/V1/etc/forgot-pass" method="POST">
        <service class="Escorts\EtcProfile\Api\ProfileInterface" method="forgotPassword"/>
        <resources>
            <resource ref="Magento_Backend::admin"/>
        </resources>
    </route>
    <route url="/V1/etc/reset-pass" method="POST">
        <service class="Escorts\EtcProfile\Api\ProfileInterface" method="resetPassword"/>
        <resources>
            <resource ref="Magento_Backend::admin"/>
        </resources>
    </route>
</routes>