<?xml version="1.0"?>
<routes xmlns:xsi="http://www.w3.org/2001/XMLSchema-instance" xsi:noNamespaceSchemaLocation="urn:magento:module:Magento_Webapi:etc/webapi.xsd">
    <route url="/V1/image-catalog/list/:user_id" method="GET">
        <service class="Escorts\ImageCatalog\Api\CatalogInterface" method="listImage"/>
        <resources>
            <resource ref="self"/>
        </resources>
        <data>
            <parameter name="userId" force="true">%user_id%</parameter>
        </data>
    </route>
</routes>