<?xml version="1.0" ?>
<routes xmlns:xsi="http://www.w3.org/2001/XMLSchema-instance" xsi:noNamespaceSchemaLocation="urn:magento:module:Magento_Webapi:etc/webapi.xsd">
    <route method="GET" url="/V1/weather/current/:tehsil">
        <service class="Escorts\WeatherForecast\Api\WeatherInterface" method="currentWeather"/>
        <resources>
            <resource ref="anonymous"/>
        </resources>
    </route>
    <route method="GET" url="/V1/weather/current/bylatlong/:lat/:long">
        <service class="Escorts\WeatherForecast\Api\WeatherInterface" method="currentWeatherByLatLong"/>
        <resources>
            <resource ref="anonymous"/>
        </resources>
    </route>
    <route method="GET" url="/V1/weather/forecast/:tehsil">
        <service class="Escorts\WeatherForecast\Api\WeatherInterface" method="weatherForecast"/>
        <resources>
            <resource ref="anonymous"/>
        </resources>
    </route>
    <route method="GET" url="/V1/weather/forecast/bylatlong/:lat/:long">
        <service class="Escorts\WeatherForecast\Api\WeatherInterface" method="weatherForecastByLatLong"/>
        <resources>
            <resource ref="anonymous"/>
        </resources>
    </route>
</routes>