<?xml version="1.0" encoding="UTF-8"?>
<widgets xmlns:xsi="http://www.w3.org/2001/XMLSchema-instance"
         xsi:noNamespaceSchemaLocation="urn:magento:module:Magento_Widget:etc/widget.xsd">
    <widget id="escorts_weatherforecast" class="Escorts\WeatherForecast\Block\CurrentWeather"
            placeholder_image="Escorts_WeatherForecast::images/escorts_weather_forecast.png">
        <label translate="true">Escorts Weather Forecast</label>
        <description>Escorts Weather Forecast</description>
        <parameters>
            <parameter name="title" xsi:type="text" required="false" visible="true">
                <label translate="true">Title</label>
            </parameter>
            <parameter name="template" xsi:type="select" required="true" visible="true">
                <label translate="true">Template</label>
                <options>
                    <option name="default" value="Escorts_WeatherForecast::currentweather.phtml" selected="true">
                        <label translate="true">Default Template</label>
                    </option>
                </options>
            </parameter>
            <parameter name="cache_lifetime" xsi:type="text" visible="true">
                <label translate="true">Cache Lifetime (Seconds)</label>
                <description translate="true">86400 by default, if not set. To refresh instantly, clear the Blocks HTML Output cache.</description>
            </parameter>
        </parameters>
        <containers>
            <container name="content">
                <template name="currentweather" value="default" />
            </container>
        </containers>
    </widget>
</widgets>