<config xmlns:xsi="http://www.w3.org/2001/XMLSchema-instance" xsi:noNamespaceSchemaLocation="urn:magento:module:Magento_Config:etc/system_file.xsd">
    <system>
        <tab id="escorts_tab" translate="label" sortOrder="500">
            <label>Escorts</label>
        </tab>
        <section id="escorts" translate="label" type="text" sortOrder="100" showInDefault="1" showInWebsite="1" showInStore="1">
            <label>Escorts Tekinfo</label>
            <tab>escorts_tab</tab>
            <resource>Escorts_Tekinfo::tekinfo</resource>
			<group id="tekinfo" translate="label" type="text" sortOrder="11" showInDefault="1" showInWebsite="1" showInStore="1">
                <label>General</label>
                <field id="default_url" translate="label" type="text" sortOrder="10" showInDefault="1" showInWebsite="1" showInStore="1">
                    <label>Default URL</label>
                    <depends>
						<field id="*/*/default_url_val">10</field>
					</depends>
                </field>
            </group>
        </section>
    </system>
</config>
